CustomerKey,CustomerID,Country
1,12346,United Kingdom
2,12347,Iceland
3,12348,Finland
4,12350,Norway
5,12352,Norway
6,12356,Portugal
7,12359,Cyprus
8,12361,Belgium
9,12362,Belgium
10,12365,Cyprus
11,12370,Cyprus
12,12370,Austria
13,12372,Denmark
14,12373,Austria
15,12377,Switzerland
16,12383,Belgium
17,12386,Australia
18,12388,Australia
19,12393,Australia
20,12395,Belgium
21,12399,Belgium
22,12401,Belgium
23,12402,Belgium
24,12407,Belgium
25,12408,Belgium
26,12410,Switzerland
27,12413,France
28,12414,Austria
29,12415,Australia
30,12417,Belgium
31,12421,Spain
32,12422,Australia
33,12423,Belgium
34,12427,Germany
35,12428,Finland
36,12429,Denmark
37,12431,Belgium
38,12431,Australia
39,12433,Norway
40,12434,Australia
41,12435,Denmark
42,12437,France
43,12441,France
44,12451,Switzerland
45,12455,Cyprus
46,12456,Switzerland
47,12458,Switzerland
48,12462,Spain
49,12464,Belgium
50,12468,Germany
51,12471,Germany
52,12472,Germany
53,12474,Germany
54,12476,Germany
55,12477,Germany
56,12480,Germany
57,12481,Germany
58,12483,Sweden
59,12484,Spain
60,12489,France
61,12490,France
62,12494,France
63,12500,Germany
64,12501,Germany
65,12502,Spain
66,12507,Spain
67,12509,France
68,12510,Spain
69,12514,Italy
70,12515,Italy
71,12520,Germany
72,12523,France
73,12524,Germany
74,12527,Germany
75,12528,Germany
76,12530,Germany
77,12539,Spain
78,12540,Spain
79,12541,Spain
80,12545,Spain
81,12547,Spain
82,12551,Spain
83,12553,France
84,12557,Spain
85,12559,Germany
86,12561,Germany
87,12564,France
88,12565,Saudi Arabia
89,12567,France
90,12574,France
91,12576,Poland
92,12577,France
93,12578,Italy
94,12582,Finland
95,12583,France
96,12584,Italy
97,12585,Germany
98,12591,Italy
99,12594,Italy
100,12597,Spain
101,12598,France
102,12599,France
103,12600,Germany
104,12601,Germany
105,12604,France
106,12609,Germany
107,12613,Germany
108,12614,Germany
109,12616,France
110,12621,Germany
111,12623,Germany
112,12625,Germany
113,12626,Germany
114,12633,Germany
115,12637,France
116,12643,France
117,12645,Germany
118,12647,Germany
119,12651,France
120,12652,France
121,12653,Israel
122,12654,Germany
123,12662,Germany
124,12664,Finland
125,12665,Germany
126,12668,Germany
127,12669,France
128,12672,France
129,12673,Germany
130,12676,Sweden
131,12678,France
132,12679,France
133,12681,France
134,12682,France
135,12683,France
136,12686,France
137,12691,France
138,12693,Germany
139,12705,Germany
140,12707,France
141,12708,Germany
142,12709,Germany
143,12712,Germany
144,12714,France
145,12720,Germany
146,12721,France
147,12724,France
148,12725,Italy
149,12726,France
150,12727,France
151,12728,France
152,12731,France
153,12734,France
154,12735,France
155,12736,France
156,12738,Germany
157,12744,Singapore
158,12747,United Kingdom
159,12748,United Kingdom
160,12753,Japan
161,12754,Japan
162,12755,Japan
163,12758,Portugal
164,12759,Netherlands
165,12763,Japan
166,12764,Lebanon
167,12766,Portugal
168,12775,Netherlands
169,12778,Netherlands
170,12779,Poland
171,12781,Czech Republic
172,12782,Portugal
173,12785,Portugal
174,12791,Netherlands
175,12792,Portugal
176,12793,Portugal
177,12797,Portugal
178,12808,Portugal
179,12811,Portugal
180,12817,Austria
181,12818,Austria
182,12820,United Kingdom
183,12823,United Kingdom
184,12826,United Kingdom
185,12829,United Kingdom
186,12831,United Kingdom
187,12834,United Kingdom
188,12836,United Kingdom
189,12838,United Kingdom
190,12839,United Kingdom
191,12841,United Kingdom
192,12842,United Kingdom
193,12843,United Kingdom
194,12845,United Kingdom
195,12849,United Kingdom
196,12852,United Kingdom
197,12853,United Kingdom
198,12854,United Kingdom
199,12855,United Kingdom
200,12857,United Kingdom
201,12866,Belgium
202,12867,United Kingdom
203,12868,United Kingdom
204,12872,United Kingdom
205,12873,United Kingdom
206,12875,United Kingdom
207,12877,United Kingdom
208,12878,United Kingdom
209,12881,United Kingdom
210,12888,United Kingdom
211,12891,United Kingdom
212,12897,United Kingdom
213,12901,United Kingdom
214,12902,United Kingdom
215,12908,United Kingdom
216,12913,United Kingdom
217,12915,United Kingdom
218,12916,United Kingdom
219,12921,United Kingdom
220,12924,United Kingdom
221,12928,United Kingdom
222,12929,United Kingdom
223,12931,United Kingdom
224,12933,United Kingdom
225,12935,United Kingdom
226,12937,United Kingdom
227,12939,United Kingdom
228,12942,United Kingdom
229,12944,United Kingdom
230,12945,United Kingdom
231,12947,United Kingdom
232,12948,United Kingdom
233,12951,United Kingdom
234,12955,United Kingdom
235,12956,United Kingdom
236,12957,United Kingdom
237,12963,United Kingdom
238,12967,United Kingdom
239,12970,United Kingdom
240,12971,United Kingdom
241,12980,United Kingdom
242,12988,United Kingdom
243,12989,United Kingdom
244,12990,United Kingdom
245,12993,United Kingdom
246,12994,United Kingdom
247,12997,United Kingdom
248,13000,United Kingdom
249,13001,United Kingdom
250,13002,United Kingdom
251,13004,United Kingdom
252,13008,United Kingdom
253,13011,United Kingdom
254,13012,United Kingdom
255,13013,United Kingdom
256,13014,United Kingdom
257,13018,United Kingdom
258,13021,United Kingdom
259,13026,United Kingdom
260,13027,United Kingdom
261,13029,United Kingdom
262,13030,United Kingdom
263,13033,United Kingdom
264,13034,United Kingdom
265,13035,United Kingdom
266,13037,United Kingdom
267,13038,United Kingdom
268,13043,United Kingdom
269,13044,United Kingdom
270,13046,United Kingdom
271,13047,United Kingdom
272,13048,United Kingdom
273,13049,United Kingdom
274,13050,United Kingdom
275,13064,United Kingdom
276,13065,United Kingdom
277,13068,United Kingdom
278,13069,United Kingdom
279,13072,United Kingdom
280,13077,United Kingdom
281,13078,United Kingdom
282,13081,United Kingdom
283,13082,United Kingdom
284,13085,United Kingdom
285,13089,United Kingdom
286,13090,United Kingdom
287,13092,United Kingdom
288,13093,United Kingdom
289,13094,United Kingdom
290,13097,United Kingdom
291,13098,United Kingdom
292,13102,United Kingdom
293,13104,United Kingdom
294,13107,United Kingdom
295,13108,United Kingdom
296,13110,United Kingdom
297,13113,United Kingdom
298,13117,United Kingdom
299,13118,United Kingdom
300,13121,United Kingdom
301,13124,United Kingdom
302,13126,United Kingdom
303,13132,United Kingdom
304,13133,United Kingdom
305,13137,United Kingdom
306,13138,United Kingdom
307,13139,United Kingdom
308,13140,United Kingdom
309,13141,United Kingdom
310,13144,United Kingdom
311,13145,United Kingdom
312,13148,United Kingdom
313,13149,United Kingdom
314,13151,United Kingdom
315,13155,United Kingdom
316,13157,United Kingdom
317,13158,United Kingdom
318,13161,United Kingdom
319,13162,United Kingdom
320,13165,United Kingdom
321,13166,United Kingdom
322,13168,United Kingdom
323,13171,United Kingdom
324,13173,United Kingdom
325,13174,United Kingdom
326,13178,United Kingdom
327,13183,United Kingdom
328,13184,United Kingdom
329,13185,United Kingdom
330,13187,United Kingdom
331,13196,United Kingdom
332,13198,United Kingdom
333,13199,United Kingdom
334,13208,United Kingdom
335,13209,United Kingdom
336,13211,United Kingdom
337,13216,United Kingdom
338,13221,United Kingdom
339,13225,United Kingdom
340,13226,United Kingdom
341,13230,United Kingdom
342,13233,United Kingdom
343,13238,United Kingdom
344,13239,United Kingdom
345,13240,United Kingdom
346,13246,United Kingdom
347,13249,United Kingdom
348,13253,United Kingdom
349,13255,United Kingdom
350,13261,United Kingdom
351,13262,United Kingdom
352,13263,United Kingdom
353,13265,United Kingdom
354,13266,United Kingdom
355,13267,United Kingdom
356,13268,United Kingdom
357,13269,United Kingdom
358,13270,United Kingdom
359,13280,United Kingdom
360,13284,United Kingdom
361,13285,United Kingdom
362,13292,United Kingdom
363,13295,United Kingdom
364,13299,United Kingdom
365,13301,United Kingdom
366,13304,United Kingdom
367,13305,United Kingdom
368,13309,United Kingdom
369,13310,United Kingdom
370,13313,United Kingdom
371,13316,United Kingdom
372,13317,United Kingdom
373,13319,United Kingdom
374,13324,United Kingdom
375,13327,United Kingdom
376,13328,United Kingdom
377,13329,United Kingdom
378,13330,United Kingdom
379,13334,United Kingdom
380,13340,United Kingdom
381,13341,United Kingdom
382,13344,United Kingdom
383,13345,United Kingdom
384,13357,United Kingdom
385,13358,United Kingdom
386,13362,United Kingdom
387,13368,United Kingdom
388,13369,United Kingdom
389,13370,United Kingdom
390,13373,United Kingdom
391,13381,United Kingdom
392,13382,United Kingdom
393,13385,United Kingdom
394,13394,United Kingdom
395,13396,United Kingdom
396,13397,United Kingdom
397,13402,United Kingdom
398,13405,United Kingdom
399,13408,United Kingdom
400,13410,United Kingdom
401,13414,United Kingdom
402,13418,United Kingdom
403,13421,United Kingdom
404,13425,United Kingdom
405,13426,United Kingdom
406,13439,United Kingdom
407,13448,United Kingdom
408,13451,United Kingdom
409,13452,United Kingdom
410,13453,United Kingdom
411,13455,United Kingdom
412,13458,United Kingdom
413,13468,United Kingdom
414,13473,United Kingdom
415,13475,United Kingdom
416,13476,United Kingdom
417,13477,United Kingdom
418,13481,United Kingdom
419,13487,United Kingdom
420,13488,United Kingdom
421,13489,United Kingdom
422,13491,United Kingdom
423,13493,Switzerland
424,13494,United Kingdom
425,13495,United Kingdom
426,13496,United Kingdom
427,13497,United Kingdom
428,13499,United Kingdom
429,13501,Switzerland
430,13502,United Kingdom
431,13506,United Kingdom
432,13509,United Kingdom
433,13512,United Kingdom
434,13520,Switzerland
435,13523,United Kingdom
436,13527,United Kingdom
437,13531,United Kingdom
438,13533,United Kingdom
439,13534,United Kingdom
440,13538,United Kingdom
441,13539,United Kingdom
442,13551,United Kingdom
443,13552,United Kingdom
444,13557,United Kingdom
445,13564,United Kingdom
446,13565,United Kingdom
447,13569,United Kingdom
448,13576,United Kingdom
449,13579,United Kingdom
450,13581,United Kingdom
451,13584,United Kingdom
452,13588,United Kingdom
453,13590,United Kingdom
454,13591,United Kingdom
455,13592,United Kingdom
456,13593,United Kingdom
457,13599,United Kingdom
458,13600,United Kingdom
459,13606,United Kingdom
460,13610,United Kingdom
461,13611,United Kingdom
462,13614,United Kingdom
463,13615,United Kingdom
464,13623,United Kingdom
465,13627,United Kingdom
466,13629,United Kingdom
467,13630,United Kingdom
468,13631,United Kingdom
469,13634,United Kingdom
470,13636,United Kingdom
471,13649,United Kingdom
472,13650,United Kingdom
473,13652,United Kingdom
474,13654,United Kingdom
475,13656,United Kingdom
476,13659,United Kingdom
477,13662,United Kingdom
478,13666,United Kingdom
479,13668,United Kingdom
480,13672,United Kingdom
481,13675,United Kingdom
482,13680,United Kingdom
483,13684,United Kingdom
484,13694,United Kingdom
485,13695,United Kingdom
486,13700,United Kingdom
487,13703,United Kingdom
488,13705,United Kingdom
489,13706,United Kingdom
490,13707,United Kingdom
491,13708,United Kingdom
492,13709,United Kingdom
493,13715,United Kingdom
494,13716,United Kingdom
495,13717,United Kingdom
496,13718,United Kingdom
497,13720,United Kingdom
498,13722,United Kingdom
499,13725,United Kingdom
500,13728,United Kingdom
501,13736,United Kingdom
502,13742,United Kingdom
503,13743,United Kingdom
504,13744,United Kingdom
505,13747,United Kingdom
506,13748,United Kingdom
507,13750,United Kingdom
508,13751,United Kingdom
509,13753,United Kingdom
510,13754,United Kingdom
511,13756,United Kingdom
512,13758,United Kingdom
513,13760,United Kingdom
514,13764,United Kingdom
515,13767,United Kingdom
516,13769,United Kingdom
517,13777,United Kingdom
518,13782,United Kingdom
519,13784,United Kingdom
520,13786,United Kingdom
521,13787,United Kingdom
522,13792,United Kingdom
523,13798,United Kingdom
524,13799,United Kingdom
525,13800,United Kingdom
526,13802,United Kingdom
527,13803,United Kingdom
528,13804,United Kingdom
529,13807,United Kingdom
530,13809,Cyprus
531,13815,Germany
532,13817,Germany
533,13819,United Kingdom
534,13821,United Kingdom
535,13824,United Kingdom
536,13831,United Kingdom
537,13837,United Kingdom
538,13838,United Kingdom
539,13842,United Kingdom
540,13846,United Kingdom
541,13848,United Kingdom
542,13851,United Kingdom
543,13854,United Kingdom
544,13859,United Kingdom
545,13862,United Kingdom
546,13865,United Kingdom
547,13869,United Kingdom
548,13870,United Kingdom
549,13871,United Kingdom
550,13873,United Kingdom
551,13874,United Kingdom
552,13875,United Kingdom
553,13880,United Kingdom
554,13881,United Kingdom
555,13884,United Kingdom
556,13890,United Kingdom
557,13893,United Kingdom
558,13894,United Kingdom
559,13898,United Kingdom
560,13899,United Kingdom
561,13900,United Kingdom
562,13901,United Kingdom
563,13904,United Kingdom
564,13908,United Kingdom
565,13911,United Kingdom
566,13922,United Kingdom
567,13929,United Kingdom
568,13931,United Kingdom
569,13932,United Kingdom
570,13934,United Kingdom
571,13939,United Kingdom
572,13941,United Kingdom
573,13946,United Kingdom
574,13948,United Kingdom
575,13951,United Kingdom
576,13953,United Kingdom
577,13955,United Kingdom
578,13956,United Kingdom
579,13959,United Kingdom
580,13963,United Kingdom
581,13969,United Kingdom
582,13971,United Kingdom
583,13973,United Kingdom
584,13975,United Kingdom
585,13982,United Kingdom
586,13983,United Kingdom
587,13984,United Kingdom
588,13985,United Kingdom
589,13988,United Kingdom
590,13993,United Kingdom
591,13999,United Kingdom
592,14001,United Kingdom
593,14004,United Kingdom
594,14006,United Kingdom
595,14012,United Kingdom
596,14013,United Kingdom
597,14016,EIRE
598,14021,United Kingdom
599,14030,United Kingdom
600,14031,United Kingdom
601,14032,United Kingdom
602,14035,United Kingdom
603,14036,United Kingdom
604,14037,United Kingdom
605,14040,United Kingdom
606,14041,United Kingdom
607,14044,United Kingdom
608,14045,United Kingdom
609,14046,United Kingdom
610,14047,United Kingdom
611,14048,United Kingdom
612,14049,United Kingdom
613,14051,United Kingdom
614,14056,United Kingdom
615,14057,United Kingdom
616,14059,United Kingdom
617,14060,United Kingdom
618,14062,United Kingdom
619,14064,United Kingdom
620,14066,United Kingdom
621,14068,United Kingdom
622,14071,United Kingdom
623,14075,United Kingdom
624,14077,United Kingdom
625,14078,United Kingdom
626,14081,United Kingdom
627,14082,United Kingdom
628,14083,United Kingdom
629,14085,United Kingdom
630,14088,United Kingdom
631,14090,United Kingdom
632,14092,United Kingdom
633,14099,United Kingdom
634,14101,United Kingdom
635,14107,United Kingdom
636,14110,United Kingdom
637,14112,United Kingdom
638,14113,United Kingdom
639,14114,United Kingdom
640,14127,United Kingdom
641,14128,United Kingdom
642,14129,United Kingdom
643,14130,United Kingdom
644,14133,United Kingdom
645,14135,United Kingdom
646,14142,United Kingdom
647,14146,United Kingdom
648,14147,United Kingdom
649,14150,United Kingdom
650,14155,United Kingdom
651,14156,EIRE
652,14157,United Kingdom
653,14159,United Kingdom
654,14161,United Kingdom
655,14162,United Kingdom
656,14165,United Kingdom
657,14167,United Kingdom
658,14175,United Kingdom
659,14176,United Kingdom
660,14180,United Kingdom
661,14185,United Kingdom
662,14188,United Kingdom
663,14189,United Kingdom
664,14193,United Kingdom
665,14194,United Kingdom
666,14201,United Kingdom
667,14205,United Kingdom
668,14209,United Kingdom
669,14210,United Kingdom
670,14211,United Kingdom
671,14214,United Kingdom
672,14215,United Kingdom
673,14217,United Kingdom
674,14220,United Kingdom
675,14221,United Kingdom
676,14223,United Kingdom
677,14224,United Kingdom
678,14226,United Kingdom
679,14227,United Kingdom
680,14229,United Kingdom
681,14231,United Kingdom
682,14232,United Kingdom
683,14233,United Kingdom
684,14235,United Kingdom
685,14236,United Kingdom
686,14237,United Kingdom
687,14238,United Kingdom
688,14239,United Kingdom
689,14242,United Kingdom
690,14243,United Kingdom
691,14245,United Kingdom
692,14247,United Kingdom
693,14248,United Kingdom
694,14256,United Kingdom
695,14257,United Kingdom
696,14258,United Kingdom
697,14267,United Kingdom
698,14270,United Kingdom
699,14272,United Kingdom
700,14276,United Kingdom
701,14282,United Kingdom
702,14289,United Kingdom
703,14290,United Kingdom
704,14291,United Kingdom
705,14292,United Kingdom
706,14293,United Kingdom
707,14297,United Kingdom
708,14298,United Kingdom
709,14299,United Kingdom
710,14307,United Kingdom
711,14309,United Kingdom
712,14312,United Kingdom
713,14315,United Kingdom
714,14320,United Kingdom
715,14321,United Kingdom
716,14329,United Kingdom
717,14334,United Kingdom
718,14336,United Kingdom
719,14341,United Kingdom
720,14344,United Kingdom
721,14346,United Kingdom
722,14348,United Kingdom
723,14350,United Kingdom
724,14352,United Kingdom
725,14355,United Kingdom
726,14367,United Kingdom
727,14368,United Kingdom
728,14371,United Kingdom
729,14373,United Kingdom
730,14377,United Kingdom
731,14379,United Kingdom
732,14386,United Kingdom
733,14388,United Kingdom
734,14390,United Kingdom
735,14395,United Kingdom
736,14396,United Kingdom
737,14401,United Kingdom
738,14404,United Kingdom
739,14407,United Kingdom
740,14408,United Kingdom
741,14409,United Kingdom
742,14410,United Kingdom
743,14411,United Kingdom
744,14413,United Kingdom
745,14414,United Kingdom
746,14415,United Kingdom
747,14419,United Kingdom
748,14422,United Kingdom
749,14426,United Kingdom
750,14428,United Kingdom
751,14431,United Kingdom
752,14437,United Kingdom
753,14438,United Kingdom
754,14439,Greece
755,14440,United Kingdom
756,14441,United Kingdom
757,14442,Channel Islands
758,14443,United Kingdom
759,14447,United Kingdom
760,14448,United Kingdom
761,14449,United Kingdom
762,14450,United Kingdom
763,14457,United Kingdom
764,14460,United Kingdom
765,14461,United Kingdom
766,14462,United Kingdom
767,14465,United Kingdom
768,14466,United Kingdom
769,14467,United Kingdom
770,14470,United Kingdom
771,14472,United Kingdom
772,14473,United Kingdom
773,14475,United Kingdom
774,14476,United Kingdom
775,14477,United Kingdom
776,14479,United Kingdom
777,14481,United Kingdom
778,14483,United Kingdom
779,14487,United Kingdom
780,14491,United Kingdom
781,14496,United Kingdom
782,14497,United Kingdom
783,14498,United Kingdom
784,14499,United Kingdom
785,14501,United Kingdom
786,14502,United Kingdom
787,14504,United Kingdom
788,14505,United Kingdom
789,14506,United Kingdom
790,14507,United Kingdom
791,14513,United Kingdom
792,14514,United Kingdom
793,14520,United Kingdom
794,14524,United Kingdom
795,14525,United Kingdom
796,14527,United Kingdom
797,14530,United Kingdom
798,14532,United Kingdom
799,14533,United Kingdom
800,14534,United Kingdom
801,14536,United Kingdom
802,14538,United Kingdom
803,14540,United Kingdom
804,14541,United Kingdom
805,14543,United Kingdom
806,14544,United Kingdom
807,14548,United Kingdom
808,14549,United Kingdom
809,14553,United Kingdom
810,14555,United Kingdom
811,14560,United Kingdom
812,14562,United Kingdom
813,14565,United Kingdom
814,14570,United Kingdom
815,14572,United Kingdom
816,14573,United Kingdom
817,14576,United Kingdom
818,14577,United Kingdom
819,14586,United Kingdom
820,14587,United Kingdom
821,14589,United Kingdom
822,14594,United Kingdom
823,14595,United Kingdom
824,14600,United Kingdom
825,14603,United Kingdom
826,14606,United Kingdom
827,14607,United Kingdom
828,14608,United Kingdom
829,14609,United Kingdom
830,14616,United Kingdom
831,14618,United Kingdom
832,14620,United Kingdom
833,14621,United Kingdom
834,14625,United Kingdom
835,14631,United Kingdom
836,14632,United Kingdom
837,14633,United Kingdom
838,14636,United Kingdom
839,14639,United Kingdom
840,14643,United Kingdom
841,14644,United Kingdom
842,14645,United Kingdom
843,14646,Netherlands
844,14653,United Kingdom
845,14656,United Kingdom
846,14657,United Kingdom
847,14659,United Kingdom
848,14662,United Kingdom
849,14665,United Kingdom
850,14667,United Kingdom
851,14669,United Kingdom
852,14670,United Kingdom
853,14672,United Kingdom
854,14673,United Kingdom
855,14676,United Kingdom
856,14680,United Kingdom
857,14684,United Kingdom
858,14688,United Kingdom
859,14692,United Kingdom
860,14693,United Kingdom
861,14696,United Kingdom
862,14701,United Kingdom
863,14702,United Kingdom
864,14708,United Kingdom
865,14709,United Kingdom
866,14711,United Kingdom
867,14713,United Kingdom
868,14715,United Kingdom
869,14723,United Kingdom
870,14727,United Kingdom
871,14729,United Kingdom
872,14730,United Kingdom
873,14732,United Kingdom
874,14733,United Kingdom
875,14735,United Kingdom
876,14737,United Kingdom
877,14738,United Kingdom
878,14739,United Kingdom
879,14740,United Kingdom
880,14741,United Kingdom
881,14744,United Kingdom
882,14745,United Kingdom
883,14748,United Kingdom
884,14754,United Kingdom
885,14755,United Kingdom
886,14758,United Kingdom
887,14760,United Kingdom
888,14761,United Kingdom
889,14762,United Kingdom
890,14766,United Kingdom
891,14769,United Kingdom
892,14770,United Kingdom
893,14775,United Kingdom
894,14776,United Kingdom
895,14778,United Kingdom
896,14779,United Kingdom
897,14782,United Kingdom
898,14784,United Kingdom
899,14794,United Kingdom
900,14796,United Kingdom
901,14798,United Kingdom
902,14800,United Kingdom
903,14803,United Kingdom
904,14805,United Kingdom
905,14810,United Kingdom
906,14813,United Kingdom
907,14817,United Kingdom
908,14821,United Kingdom
909,14825,United Kingdom
910,14828,United Kingdom
911,14829,United Kingdom
912,14840,United Kingdom
913,14841,United Kingdom
914,14842,United Kingdom
915,14849,United Kingdom
916,14850,United Kingdom
917,14851,United Kingdom
918,14854,United Kingdom
919,14865,United Kingdom
920,14866,United Kingdom
921,14867,United Kingdom
922,14870,United Kingdom
923,14871,United Kingdom
924,14875,United Kingdom
925,14878,United Kingdom
926,14880,United Kingdom
927,14889,United Kingdom
928,14895,United Kingdom
929,14896,United Kingdom
930,14897,United Kingdom
931,14898,United Kingdom
932,14901,United Kingdom
933,14903,United Kingdom
934,14907,United Kingdom
935,14911,EIRE
936,14913,United Kingdom
937,14915,United Kingdom
938,14916,United Kingdom
939,14930,Channel Islands
940,14932,Channel Islands
941,14934,Channel Islands
942,14935,Channel Islands
943,14936,Channel Islands
944,14944,United Kingdom
945,14952,United Kingdom
946,14959,United Kingdom
947,14961,United Kingdom
948,14962,United Kingdom
949,14970,United Kingdom
950,14976,United Kingdom
951,14978,United Kingdom
952,14985,United Kingdom
953,14987,United Kingdom
954,14995,United Kingdom
955,15002,United Kingdom
956,15005,United Kingdom
957,15012,United Kingdom
958,15018,United Kingdom
959,15019,United Kingdom
960,15021,United Kingdom
961,15023,United Kingdom
962,15024,United Kingdom
963,15026,United Kingdom
964,15028,United Kingdom
965,15030,United Kingdom
966,15031,United Kingdom
967,15032,United Kingdom
968,15033,United Kingdom
969,15034,United Kingdom
970,15038,United Kingdom
971,15039,United Kingdom
972,15044,United Kingdom
973,15045,United Kingdom
974,15046,United Kingdom
975,15047,United Kingdom
976,15048,United Kingdom
977,15049,United Kingdom
978,15052,United Kingdom
979,15053,United Kingdom
980,15057,United Kingdom
981,15058,United Kingdom
982,15059,United Kingdom
983,15061,United Kingdom
984,15062,United Kingdom
985,15065,United Kingdom
986,15067,United Kingdom
987,15068,United Kingdom
988,15070,United Kingdom
989,15071,United Kingdom
990,15078,United Kingdom
991,15079,United Kingdom
992,15081,United Kingdom
993,15083,United Kingdom
994,15087,United Kingdom
995,15090,United Kingdom
996,15092,United Kingdom
997,15093,United Kingdom
998,15100,United Kingdom
999,15101,United Kingdom
1000,15104,United Kingdom
1001,15106,United Kingdom
1002,15107,United Kingdom
1003,15110,United Kingdom
1004,15111,United Kingdom
1005,15114,United Kingdom
1006,15121,United Kingdom
1007,15122,United Kingdom
1008,15125,United Kingdom
1009,15129,United Kingdom
1010,15132,United Kingdom
1011,15133,United Kingdom
1012,15139,United Kingdom
1013,15140,United Kingdom
1014,15144,United Kingdom
1015,15146,United Kingdom
1016,15150,United Kingdom
1017,15157,United Kingdom
1018,15159,United Kingdom
1019,15160,United Kingdom
1020,15164,United Kingdom
1021,15165,United Kingdom
1022,15167,United Kingdom
1023,15171,United Kingdom
1024,15174,United Kingdom
1025,15178,United Kingdom
1026,15179,United Kingdom
1027,15180,United Kingdom
1028,15181,United Kingdom
1029,15182,United Kingdom
1030,15189,United Kingdom
1031,15192,United Kingdom
1032,15194,United Kingdom
1033,15197,United Kingdom
1034,15199,United Kingdom
1035,15203,United Kingdom
1036,15204,United Kingdom
1037,15206,United Kingdom
1038,15208,United Kingdom
1039,15211,United Kingdom
1040,15213,United Kingdom
1041,15218,United Kingdom
1042,15220,United Kingdom
1043,15221,United Kingdom
1044,15222,United Kingdom
1045,15224,United Kingdom
1046,15226,United Kingdom
1047,15227,United Kingdom
1048,15228,United Kingdom
1049,15234,United Kingdom
1050,15235,United Kingdom
1051,15236,United Kingdom
1052,15240,United Kingdom
1053,15241,United Kingdom
1054,15245,United Kingdom
1055,15246,United Kingdom
1056,15249,United Kingdom
1057,15257,United Kingdom
1058,15260,United Kingdom
1059,15262,United Kingdom
1060,15266,United Kingdom
1061,15270,United Kingdom
1062,15271,United Kingdom
1063,15279,United Kingdom
1064,15281,United Kingdom
1065,15288,United Kingdom
1066,15290,United Kingdom
1067,15291,United Kingdom
1068,15296,United Kingdom
1069,15298,United Kingdom
1070,15299,United Kingdom
1071,15301,United Kingdom
1072,15303,United Kingdom
1073,15304,United Kingdom
1074,15308,United Kingdom
1075,15311,United Kingdom
1076,15312,United Kingdom
1077,15316,United Kingdom
1078,15319,United Kingdom
1079,15321,United Kingdom
1080,15326,United Kingdom
1081,15332,Lithuania
1082,15339,United Kingdom
1083,15346,United Kingdom
1084,15347,United Kingdom
1085,15350,United Kingdom
1086,15351,United Kingdom
1087,15353,United Kingdom
1088,15356,United Kingdom
1089,15358,United Kingdom
1090,15361,United Kingdom
1091,15363,United Kingdom
1092,15364,United Kingdom
1093,15365,United Kingdom
1094,15366,United Kingdom
1095,15367,United Kingdom
1096,15370,United Kingdom
1097,15373,United Kingdom
1098,15379,United Kingdom
1099,15380,United Kingdom
1100,15381,United Kingdom
1101,15382,United Kingdom
1102,15384,United Kingdom
1103,15388,Canada
1104,15392,United Kingdom
1105,15393,United Kingdom
1106,15394,United Kingdom
1107,15395,United Kingdom
1108,15397,United Kingdom
1109,15400,United Kingdom
1110,15406,United Kingdom
1111,15407,United Kingdom
1112,15408,United Kingdom
1113,15410,United Kingdom
1114,15415,United Kingdom
1115,15416,United Kingdom
1116,15421,United Kingdom
1117,15422,United Kingdom
1118,15424,United Kingdom
1119,15426,United Kingdom
1120,15433,United Kingdom
1121,15437,United Kingdom
1122,15443,United Kingdom
1123,15445,United Kingdom
1124,15447,United Kingdom
1125,15448,United Kingdom
1126,15449,United Kingdom
1127,15452,United Kingdom
1128,15454,United Kingdom
1129,15456,United Kingdom
1130,15457,United Kingdom
1131,15460,United Kingdom
1132,15464,United Kingdom
1133,15465,United Kingdom
1134,15482,United Kingdom
1135,15483,United Kingdom
1136,15485,United Kingdom
1137,15493,United Kingdom
1138,15497,United Kingdom
1139,15498,United Kingdom
1140,15502,United Kingdom
1141,15503,United Kingdom
1142,15510,United Kingdom
1143,15512,United Kingdom
1144,15513,United Kingdom
1145,15514,United Kingdom
1146,15518,United Kingdom
1147,15521,United Kingdom
1148,15525,United Kingdom
1149,15527,United Kingdom
1150,15528,United Kingdom
1151,15529,United Kingdom
1152,15532,United Kingdom
1153,15535,United Kingdom
1154,15543,United Kingdom
1155,15544,United Kingdom
1156,15545,United Kingdom
1157,15547,United Kingdom
1158,15549,United Kingdom
1159,15550,United Kingdom
1160,15554,United Kingdom
1161,15555,United Kingdom
1162,15562,United Kingdom
1163,15563,United Kingdom
1164,15569,United Kingdom
1165,15570,United Kingdom
1166,15572,United Kingdom
1167,15574,United Kingdom
1168,15577,United Kingdom
1169,15579,United Kingdom
1170,15581,United Kingdom
1171,15587,United Kingdom
1172,15589,United Kingdom
1173,15596,United Kingdom
1174,15601,United Kingdom
1175,15602,United Kingdom
1176,15605,United Kingdom
1177,15606,United Kingdom
1178,15607,United Kingdom
1179,15611,United Kingdom
1180,15615,United Kingdom
1181,15620,United Kingdom
1182,15622,United Kingdom
1183,15624,United Kingdom
1184,15626,United Kingdom
1185,15628,United Kingdom
1186,15632,United Kingdom
1187,15636,United Kingdom
1188,15640,United Kingdom
1189,15641,United Kingdom
1190,15643,United Kingdom
1191,15644,United Kingdom
1192,15646,United Kingdom
1193,15648,United Kingdom
1194,15649,United Kingdom
1195,15651,United Kingdom
1196,15656,United Kingdom
1197,15658,United Kingdom
1198,15660,United Kingdom
1199,15661,United Kingdom
1200,15669,United Kingdom
1201,15670,United Kingdom
1202,15671,United Kingdom
1203,15673,United Kingdom
1204,15674,United Kingdom
1205,15675,United Kingdom
1206,15676,United Kingdom
1207,15680,United Kingdom
1208,15681,United Kingdom
1209,15687,United Kingdom
1210,15689,United Kingdom
1211,15694,United Kingdom
1212,15695,United Kingdom
1213,15696,United Kingdom
1214,15703,United Kingdom
1215,15708,United Kingdom
1216,15709,United Kingdom
1217,15712,United Kingdom
1218,15713,United Kingdom
1219,15716,United Kingdom
1220,15719,United Kingdom
1221,15722,United Kingdom
1222,15723,United Kingdom
1223,15724,United Kingdom
1224,15727,United Kingdom
1225,15732,United Kingdom
1226,15733,United Kingdom
1227,15738,United Kingdom
1228,15749,United Kingdom
1229,15750,United Kingdom
1230,15752,United Kingdom
1231,15753,United Kingdom
1232,15755,United Kingdom
1233,15759,United Kingdom
1234,15764,United Kingdom
1235,15769,United Kingdom
1236,15777,United Kingdom
1237,15780,United Kingdom
1238,15781,United Kingdom
1239,15785,United Kingdom
1240,15789,United Kingdom
1241,15793,United Kingdom
1242,15796,United Kingdom
1243,15797,United Kingdom
1244,15799,United Kingdom
1245,15805,United Kingdom
1246,15806,United Kingdom
1247,15808,United Kingdom
1248,15809,United Kingdom
1249,15810,United Kingdom
1250,15811,United Kingdom
1251,15812,United Kingdom
1252,15815,United Kingdom
1253,15819,United Kingdom
1254,15820,United Kingdom
1255,15822,United Kingdom
1256,15823,United Kingdom
1257,15827,United Kingdom
1258,15831,United Kingdom
1259,15832,United Kingdom
1260,15834,United Kingdom
1261,15835,United Kingdom
1262,15838,United Kingdom
1263,15841,United Kingdom
1264,15843,United Kingdom
1265,15845,United Kingdom
1266,15847,United Kingdom
1267,15854,United Kingdom
1268,15855,United Kingdom
1269,15856,United Kingdom
1270,15858,United Kingdom
1271,15860,United Kingdom
1272,15861,United Kingdom
1273,15862,United Kingdom
1274,15864,United Kingdom
1275,15867,United Kingdom
1276,15869,United Kingdom
1277,15874,United Kingdom
1278,15880,United Kingdom
1279,15881,United Kingdom
1280,15882,United Kingdom
1281,15885,United Kingdom
1282,15889,United Kingdom
1283,15894,United Kingdom
1284,15898,United Kingdom
1285,15899,United Kingdom
1286,15903,United Kingdom
1287,15906,United Kingdom
1288,15910,United Kingdom
1289,15916,United Kingdom
1290,15918,United Kingdom
1291,15919,United Kingdom
1292,15922,United Kingdom
1293,15923,United Kingdom
1294,15932,United Kingdom
1295,15938,United Kingdom
1296,15939,United Kingdom
1297,15940,United Kingdom
1298,15944,United Kingdom
1299,15945,United Kingdom
1300,15950,United Kingdom
1301,15951,United Kingdom
1302,15953,United Kingdom
1303,15955,United Kingdom
1304,15965,United Kingdom
1305,15967,United Kingdom
1306,15970,United Kingdom
1307,15971,United Kingdom
1308,15973,United Kingdom
1309,15974,United Kingdom
1310,15980,United Kingdom
1311,15981,United Kingdom
1312,15983,United Kingdom
1313,15984,United Kingdom
1314,15987,United Kingdom
1315,15990,United Kingdom
1316,15996,United Kingdom
1317,15998,United Kingdom
1318,16003,United Kingdom
1319,16005,United Kingdom
1320,16010,United Kingdom
1321,16011,United Kingdom
1322,16013,United Kingdom
1323,16014,United Kingdom
1324,16016,United Kingdom
1325,16019,United Kingdom
1326,16022,United Kingdom
1327,16023,United Kingdom
1328,16027,United Kingdom
1329,16029,United Kingdom
1330,16030,United Kingdom
1331,16033,United Kingdom
1332,16034,United Kingdom
1333,16036,United Kingdom
1334,16037,United Kingdom
1335,16040,United Kingdom
1336,16042,United Kingdom
1337,16043,United Kingdom
1338,16045,United Kingdom
1339,16048,United Kingdom
1340,16057,United Kingdom
1341,16059,United Kingdom
1342,16062,United Kingdom
1343,16063,United Kingdom
1344,16065,United Kingdom
1345,16072,United Kingdom
1346,16073,United Kingdom
1347,16078,United Kingdom
1348,16080,United Kingdom
1349,16081,United Kingdom
1350,16083,United Kingdom
1351,16084,United Kingdom
1352,16085,United Kingdom
1353,16086,United Kingdom
1354,16092,United Kingdom
1355,16096,United Kingdom
1356,16098,United Kingdom
1357,16109,United Kingdom
1358,16110,United Kingdom
1359,16112,United Kingdom
1360,16115,United Kingdom
1361,16122,United Kingdom
1362,16124,United Kingdom
1363,16125,United Kingdom
1364,16126,United Kingdom
1365,16128,United Kingdom
1366,16133,United Kingdom
1367,16134,United Kingdom
1368,16135,United Kingdom
1369,16136,United Kingdom
1370,16140,United Kingdom
1371,16143,United Kingdom
1372,16145,United Kingdom
1373,16148,United Kingdom
1374,16150,United Kingdom
1375,16152,United Kingdom
1376,16153,United Kingdom
1377,16156,United Kingdom
1378,16159,United Kingdom
1379,16161,United Kingdom
1380,16163,United Kingdom
1381,16168,United Kingdom
1382,16182,United Kingdom
1383,16186,United Kingdom
1384,16187,United Kingdom
1385,16191,United Kingdom
1386,16202,United Kingdom
1387,16203,United Kingdom
1388,16206,United Kingdom
1389,16208,United Kingdom
1390,16210,United Kingdom
1391,16212,United Kingdom
1392,16214,United Kingdom
1393,16216,United Kingdom
1394,16217,United Kingdom
1395,16218,United Kingdom
1396,16221,United Kingdom
1397,16222,United Kingdom
1398,16225,United Kingdom
1399,16233,United Kingdom
1400,16235,United Kingdom
1401,16241,United Kingdom
1402,16242,United Kingdom
1403,16244,United Kingdom
1404,16245,United Kingdom
1405,16250,United Kingdom
1406,16253,United Kingdom
1407,16255,United Kingdom
1408,16256,United Kingdom
1409,16265,United Kingdom
1410,16270,United Kingdom
1411,16271,United Kingdom
1412,16274,United Kingdom
1413,16282,United Kingdom
1414,16293,United Kingdom
1415,16297,United Kingdom
1416,16303,United Kingdom
1417,16306,United Kingdom
1418,16308,United Kingdom
1419,16315,United Kingdom
1420,16316,United Kingdom
1421,16317,United Kingdom
1422,16321,Australia
1423,16326,United Kingdom
1424,16327,United Kingdom
1425,16332,United Kingdom
1426,16333,United Kingdom
1427,16339,United Kingdom
1428,16349,United Kingdom
1429,16350,United Kingdom
1430,16351,United Kingdom
1431,16353,United Kingdom
1432,16356,United Kingdom
1433,16359,United Kingdom
1434,16365,United Kingdom
1435,16367,United Kingdom
1436,16374,United Kingdom
1437,16377,United Kingdom
1438,16378,United Kingdom
1439,16383,United Kingdom
1440,16384,United Kingdom
1441,16385,United Kingdom
1442,16387,United Kingdom
1443,16389,United Kingdom
1444,16392,United Kingdom
1445,16393,United Kingdom
1446,16394,United Kingdom
1447,16395,United Kingdom
1448,16401,United Kingdom
1449,16402,United Kingdom
1450,16403,United Kingdom
1451,16405,United Kingdom
1452,16407,United Kingdom
1453,16409,United Kingdom
1454,16411,United Kingdom
1455,16414,United Kingdom
1456,16419,United Kingdom
1457,16422,United Kingdom
1458,16425,United Kingdom
1459,16426,United Kingdom
1460,16427,United Kingdom
1461,16431,United Kingdom
1462,16434,United Kingdom
1463,16441,United Kingdom
1464,16442,United Kingdom
1465,16444,United Kingdom
1466,16449,United Kingdom
1467,16455,United Kingdom
1468,16456,United Kingdom
1469,16458,United Kingdom
1470,16462,United Kingdom
1471,16466,United Kingdom
1472,16470,United Kingdom
1473,16471,United Kingdom
1474,16473,United Kingdom
1475,16475,United Kingdom
1476,16477,United Kingdom
1477,16493,United Kingdom
1478,16494,United Kingdom
1479,16495,United Kingdom
1480,16496,United Kingdom
1481,16497,United Kingdom
1482,16499,United Kingdom
1483,16500,United Kingdom
1484,16503,United Kingdom
1485,16509,United Kingdom
1486,16510,United Kingdom
1487,16511,United Kingdom
1488,16515,United Kingdom
1489,16517,United Kingdom
1490,16518,United Kingdom
1491,16519,United Kingdom
1492,16520,United Kingdom
1493,16523,United Kingdom
1494,16525,United Kingdom
1495,16531,United Kingdom
1496,16532,United Kingdom
1497,16539,United Kingdom
1498,16546,United Kingdom
1499,16549,United Kingdom
1500,16550,United Kingdom
1501,16551,United Kingdom
1502,16552,United Kingdom
1503,16553,United Kingdom
1504,16554,United Kingdom
1505,16556,United Kingdom
1506,16558,United Kingdom
1507,16560,United Kingdom
1508,16565,United Kingdom
1509,16566,United Kingdom
1510,16567,United Kingdom
1511,16570,United Kingdom
1512,16571,United Kingdom
1513,16572,United Kingdom
1514,16573,United Kingdom
1515,16583,United Kingdom
1516,16584,United Kingdom
1517,16592,United Kingdom
1518,16593,United Kingdom
1519,16596,United Kingdom
1520,16598,United Kingdom
1521,16600,United Kingdom
1522,16607,United Kingdom
1523,16612,United Kingdom
1524,16618,United Kingdom
1525,16619,United Kingdom
1526,16620,United Kingdom
1527,16621,United Kingdom
1528,16625,United Kingdom
1529,16626,United Kingdom
1530,16634,United Kingdom
1531,16638,United Kingdom
1532,16652,United Kingdom
1533,16654,United Kingdom
1534,16655,United Kingdom
1535,16656,United Kingdom
1536,16657,United Kingdom
1537,16658,United Kingdom
1538,16660,United Kingdom
1539,16665,United Kingdom
1540,16667,United Kingdom
1541,16668,United Kingdom
1542,16670,United Kingdom
1543,16672,United Kingdom
1544,16676,United Kingdom
1545,16678,United Kingdom
1546,16679,United Kingdom
1547,16684,United Kingdom
1548,16686,United Kingdom
1549,16692,United Kingdom
1550,16693,United Kingdom
1551,16700,United Kingdom
1552,16701,United Kingdom
1553,16705,United Kingdom
1554,16709,United Kingdom
1555,16710,United Kingdom
1556,16711,United Kingdom
1557,16712,United Kingdom
1558,16713,United Kingdom
1559,16714,United Kingdom
1560,16716,United Kingdom
1561,16717,United Kingdom
1562,16718,United Kingdom
1563,16719,United Kingdom
1564,16721,United Kingdom
1565,16722,United Kingdom
1566,16725,United Kingdom
1567,16726,United Kingdom
1568,16727,United Kingdom
1569,16728,United Kingdom
1570,16730,United Kingdom
1571,16735,United Kingdom
1572,16738,United Kingdom
1573,16743,United Kingdom
1574,16745,United Kingdom
1575,16746,United Kingdom
1576,16748,United Kingdom
1577,16752,United Kingdom
1578,16754,United Kingdom
1579,16755,United Kingdom
1580,16757,United Kingdom
1581,16765,United Kingdom
1582,16766,United Kingdom
1583,16767,United Kingdom
1584,16768,United Kingdom
1585,16769,United Kingdom
1586,16770,United Kingdom
1587,16771,United Kingdom
1588,16775,United Kingdom
1589,16777,United Kingdom
1590,16778,United Kingdom
1591,16779,United Kingdom
1592,16780,United Kingdom
1593,16781,United Kingdom
1594,16782,United Kingdom
1595,16788,United Kingdom
1596,16791,United Kingdom
1597,16792,United Kingdom
1598,16795,United Kingdom
1599,16801,United Kingdom
1600,16804,United Kingdom
1601,16805,United Kingdom
1602,16807,United Kingdom
1603,16808,United Kingdom
1604,16809,United Kingdom
1605,16812,United Kingdom
1606,16814,United Kingdom
1607,16816,United Kingdom
1608,16817,United Kingdom
1609,16833,United Kingdom
1610,16835,United Kingdom
1611,16838,United Kingdom
1612,16839,United Kingdom
1613,16841,United Kingdom
1614,16842,United Kingdom
1615,16843,United Kingdom
1616,16850,United Kingdom
1617,16858,United Kingdom
1618,16859,United Kingdom
1619,16863,United Kingdom
1620,16871,United Kingdom
1621,16873,United Kingdom
1622,16875,United Kingdom
1623,16882,United Kingdom
1624,16883,United Kingdom
1625,16885,United Kingdom
1626,16889,United Kingdom
1627,16891,United Kingdom
1628,16893,United Kingdom
1629,16897,United Kingdom
1630,16898,United Kingdom
1631,16899,United Kingdom
1632,16904,United Kingdom
1633,16905,United Kingdom
1634,16907,United Kingdom
1635,16912,United Kingdom
1636,16913,United Kingdom
1637,16915,United Kingdom
1638,16916,United Kingdom
1639,16917,United Kingdom
1640,16918,United Kingdom
1641,16919,United Kingdom
1642,16923,United Kingdom
1643,16926,United Kingdom
1644,16927,United Kingdom
1645,16928,United Kingdom
1646,16931,United Kingdom
1647,16938,United Kingdom
1648,16940,United Kingdom
1649,16943,United Kingdom
1650,16945,United Kingdom
1651,16948,United Kingdom
1652,16949,United Kingdom
1653,16950,United Kingdom
1654,16951,United Kingdom
1655,16954,United Kingdom
1656,16955,United Kingdom
1657,16957,United Kingdom
1658,16976,United Kingdom
1659,16979,United Kingdom
1660,16980,United Kingdom
1661,16983,United Kingdom
1662,16985,United Kingdom
1663,16992,United Kingdom
1664,16996,United Kingdom
1665,16997,United Kingdom
1666,16998,United Kingdom
1667,17001,United Kingdom
1668,17002,United Kingdom
1669,17007,United Kingdom
1670,17017,United Kingdom
1671,17018,United Kingdom
1672,17019,United Kingdom
1673,17025,United Kingdom
1674,17026,United Kingdom
1675,17027,United Kingdom
1676,17033,United Kingdom
1677,17034,United Kingdom
1678,17035,United Kingdom
1679,17041,United Kingdom
1680,17043,United Kingdom
1681,17048,United Kingdom
1682,17049,United Kingdom
1683,17050,United Kingdom
1684,17059,United Kingdom
1685,17060,United Kingdom
1686,17062,United Kingdom
1687,17063,United Kingdom
1688,17064,United Kingdom
1689,17068,United Kingdom
1690,17069,United Kingdom
1691,17071,United Kingdom
1692,17075,United Kingdom
1693,17076,United Kingdom
1694,17080,United Kingdom
1695,17082,United Kingdom
1696,17083,United Kingdom
1697,17085,United Kingdom
1698,17090,United Kingdom
1699,17091,United Kingdom
1700,17092,United Kingdom
1701,17094,United Kingdom
1702,17095,United Kingdom
1703,17096,United Kingdom
1704,17097,Spain
1705,17102,United Kingdom
1706,17105,United Kingdom
1707,17107,United Kingdom
1708,17114,United Kingdom
1709,17117,United Kingdom
1710,17118,United Kingdom
1711,17126,United Kingdom
1712,17128,United Kingdom
1713,17133,United Kingdom
1714,17134,United Kingdom
1715,17135,United Kingdom
1716,17138,United Kingdom
1717,17139,United Kingdom
1718,17146,United Kingdom
1719,17147,United Kingdom
1720,17152,United Kingdom
1721,17158,United Kingdom
1722,17162,United Kingdom
1723,17164,United Kingdom
1724,17165,United Kingdom
1725,17171,United Kingdom
1726,17175,United Kingdom
1727,17179,United Kingdom
1728,17180,United Kingdom
1729,17181,United Kingdom
1730,17188,United Kingdom
1731,17189,United Kingdom
1732,17191,United Kingdom
1733,17194,United Kingdom
1734,17198,United Kingdom
1735,17204,United Kingdom
1736,17211,United Kingdom
1737,17213,United Kingdom
1738,17214,United Kingdom
1739,17218,United Kingdom
1740,17220,United Kingdom
1741,17223,United Kingdom
1742,17226,United Kingdom
1743,17227,United Kingdom
1744,17228,United Kingdom
1745,17230,United Kingdom
1746,17231,United Kingdom
1747,17235,United Kingdom
1748,17236,United Kingdom
1749,17238,United Kingdom
1750,17239,United Kingdom
1751,17243,United Kingdom
1752,17250,United Kingdom
1753,17251,United Kingdom
1754,17255,United Kingdom
1755,17256,United Kingdom
1756,17259,United Kingdom
1757,17262,United Kingdom
1758,17272,United Kingdom
1759,17277,United Kingdom
1760,17282,United Kingdom
1761,17284,United Kingdom
1762,17287,United Kingdom
1763,17288,United Kingdom
1764,17291,United Kingdom
1765,17293,United Kingdom
1766,17302,United Kingdom
1767,17303,United Kingdom
1768,17306,United Kingdom
1769,17311,United Kingdom
1770,17314,United Kingdom
1771,17315,United Kingdom
1772,17320,United Kingdom
1773,17323,United Kingdom
1774,17324,United Kingdom
1775,17325,United Kingdom
1776,17329,United Kingdom
1777,17334,United Kingdom
1778,17337,United Kingdom
1779,17338,United Kingdom
1780,17339,United Kingdom
1781,17340,United Kingdom
1782,17341,United Kingdom
1783,17343,United Kingdom
1784,17346,United Kingdom
1785,17348,United Kingdom
1786,17351,United Kingdom
1787,17356,United Kingdom
1788,17358,United Kingdom
1789,17361,United Kingdom
1790,17362,United Kingdom
1791,17364,United Kingdom
1792,17365,United Kingdom
1793,17368,United Kingdom
1794,17371,United Kingdom
1795,17372,United Kingdom
1796,17373,United Kingdom
1797,17374,United Kingdom
1798,17375,United Kingdom
1799,17376,United Kingdom
1800,17377,United Kingdom
1801,17381,United Kingdom
1802,17388,United Kingdom
1803,17389,United Kingdom
1804,17392,United Kingdom
1805,17396,United Kingdom
1806,17398,United Kingdom
1807,17400,United Kingdom
1808,17402,United Kingdom
1809,17404,Sweden
1810,17406,United Kingdom
1811,17411,United Kingdom
1812,17412,United Kingdom
1813,17416,United Kingdom
1814,17418,United Kingdom
1815,17419,United Kingdom
1816,17420,United Kingdom
1817,17422,United Kingdom
1818,17426,United Kingdom
1819,17428,United Kingdom
1820,17430,United Kingdom
1821,17431,United Kingdom
1822,17442,United Kingdom
1823,17446,United Kingdom
1824,17449,United Kingdom
1825,17450,United Kingdom
1826,17454,United Kingdom
1827,17456,United Kingdom
1828,17457,United Kingdom
1829,17460,United Kingdom
1830,17462,United Kingdom
1831,17463,United Kingdom
1832,17470,United Kingdom
1833,17472,United Kingdom
1834,17486,United Kingdom
1835,17491,United Kingdom
1836,17496,United Kingdom
1837,17499,United Kingdom
1838,17504,United Kingdom
1839,17507,United Kingdom
1840,17508,Greece
1841,17511,United Kingdom
1842,17512,United Kingdom
1843,17515,United Kingdom
1844,17516,United Kingdom
1845,17517,United Kingdom
1846,17519,United Kingdom
1847,17524,United Kingdom
1848,17525,United Kingdom
1849,17526,United Kingdom
1850,17530,United Kingdom
1851,17535,United Kingdom
1852,17537,United Kingdom
1853,17540,United Kingdom
1854,17542,United Kingdom
1855,17551,United Kingdom
1856,17552,United Kingdom
1857,17555,United Kingdom
1858,17560,United Kingdom
1859,17567,United Kingdom
1860,17569,United Kingdom
1861,17571,United Kingdom
1862,17572,United Kingdom
1863,17576,United Kingdom
1864,17580,United Kingdom
1865,17581,United Kingdom
1866,17585,United Kingdom
1867,17591,United Kingdom
1868,17593,United Kingdom
1869,17594,United Kingdom
1870,17596,United Kingdom
1871,17602,United Kingdom
1872,17604,United Kingdom
1873,17609,United Kingdom
1874,17611,United Kingdom
1875,17612,United Kingdom
1876,17613,United Kingdom
1877,17616,United Kingdom
1878,17618,United Kingdom
1879,17619,United Kingdom
1880,17621,United Kingdom
1881,17625,United Kingdom
1882,17629,United Kingdom
1883,17634,United Kingdom
1884,17639,United Kingdom
1885,17643,United Kingdom
1886,17644,United Kingdom
1887,17646,United Kingdom
1888,17652,United Kingdom
1889,17654,United Kingdom
1890,17655,United Kingdom
1891,17659,United Kingdom
1892,17663,United Kingdom
1893,17667,United Kingdom
1894,17671,United Kingdom
1895,17672,United Kingdom
1896,17673,United Kingdom
1897,17674,United Kingdom
1898,17675,United Kingdom
1899,17676,United Kingdom
1900,17677,United Kingdom
1901,17678,United Kingdom
1902,17682,United Kingdom
1903,17685,United Kingdom
1904,17686,United Kingdom
1905,17690,United Kingdom
1906,17691,United Kingdom
1907,17692,United Kingdom
1908,17696,United Kingdom
1909,17698,United Kingdom
1910,17700,United Kingdom
1911,17705,United Kingdom
1912,17706,United Kingdom
1913,17707,United Kingdom
1914,17708,United Kingdom
1915,17711,United Kingdom
1916,17714,United Kingdom
1917,17716,United Kingdom
1918,17719,United Kingdom
1919,17720,United Kingdom
1920,17722,United Kingdom
1921,17725,United Kingdom
1922,17730,United Kingdom
1923,17732,United Kingdom
1924,17733,United Kingdom
1925,17735,United Kingdom
1926,17738,United Kingdom
1927,17739,United Kingdom
1928,17742,United Kingdom
1929,17744,United Kingdom
1930,17749,United Kingdom
1931,17752,United Kingdom
1932,17754,United Kingdom
1933,17757,United Kingdom
1934,17760,United Kingdom
1935,17763,United Kingdom
1936,17765,United Kingdom
1937,17769,United Kingdom
1938,17770,United Kingdom
1939,17771,United Kingdom
1940,17774,United Kingdom
1941,17775,United Kingdom
1942,17786,United Kingdom
1943,17787,United Kingdom
1944,17789,United Kingdom
1945,17790,United Kingdom
1946,17795,United Kingdom
1947,17796,United Kingdom
1948,17799,United Kingdom
1949,17800,United Kingdom
1950,17802,United Kingdom
1951,17809,United Kingdom
1952,17811,United Kingdom
1953,17812,United Kingdom
1954,17816,United Kingdom
1955,17817,United Kingdom
1956,17819,United Kingdom
1957,17827,United Kingdom
1958,17829,United Arab Emirates
1959,17830,United Kingdom
1960,17838,United Kingdom
1961,17841,United Kingdom
1962,17843,United Kingdom
1963,17848,United Kingdom
1964,17849,United Kingdom
1965,17850,United Kingdom
1966,17855,United Kingdom
1967,17856,United Kingdom
1968,17857,United Kingdom
1969,17858,United Kingdom
1970,17859,United Kingdom
1971,17860,United Kingdom
1972,17861,United Kingdom
1973,17862,United Kingdom
1974,17863,United Kingdom
1975,17864,United Kingdom
1976,17865,United Kingdom
1977,17867,United Kingdom
1978,17869,United Kingdom
1979,17870,United Kingdom
1980,17873,United Kingdom
1981,17874,United Kingdom
1982,17880,United Kingdom
1983,17881,United Kingdom
1984,17884,United Kingdom
1985,17888,United Kingdom
1986,17889,United Kingdom
1987,17890,United Kingdom
1988,17894,United Kingdom
1989,17897,United Kingdom
1990,17905,United Kingdom
1991,17908,United Kingdom
1992,17912,United Kingdom
1993,17913,United Kingdom
1994,17917,United Kingdom
1995,17920,United Kingdom
1996,17921,United Kingdom
1997,17923,United Kingdom
1998,17924,United Kingdom
1999,17925,United Kingdom
2000,17929,United Kingdom
2001,17931,United Kingdom
2002,17937,United Kingdom
2003,17940,United Kingdom
2004,17946,United Kingdom
2005,17949,United Kingdom
2006,17950,United Kingdom
2007,17951,United Kingdom
2008,17954,United Kingdom
2009,17961,United Kingdom
2010,17964,United Kingdom
2011,17965,United Kingdom
2012,17966,United Kingdom
2013,17967,United Kingdom
2014,17968,United Kingdom
2015,17969,United Kingdom
2016,17975,United Kingdom
2017,17976,United Kingdom
2018,17978,United Kingdom
2019,17979,United Kingdom
2020,17980,United Kingdom
2021,17988,United Kingdom
2022,17990,United Kingdom
2023,17994,United Kingdom
2024,17995,United Kingdom
2025,17999,United Kingdom
2026,18004,United Kingdom
2027,18008,United Kingdom
2028,18010,United Kingdom
2029,18011,United Kingdom
2030,18016,United Kingdom
2031,18017,United Kingdom
2032,18032,United Kingdom
2033,18037,United Kingdom
2034,18041,United Kingdom
2035,18043,United Kingdom
2036,18044,United Kingdom
2037,18050,United Kingdom
2038,18055,United Kingdom
2039,18056,United Kingdom
2040,18061,United Kingdom
2041,18062,United Kingdom
2042,18065,United Kingdom
2043,18068,United Kingdom
2044,18069,United Kingdom
2045,18071,United Kingdom
2046,18074,United Kingdom
2047,18075,United Kingdom
2048,18077,United Kingdom
2049,18078,United Kingdom
2050,18085,United Kingdom
2051,18086,United Kingdom
2052,18087,United Kingdom
2053,18092,United Kingdom
2054,18093,United Kingdom
2055,18094,United Kingdom
2056,18095,United Kingdom
2057,18097,United Kingdom
2058,18102,United Kingdom
2059,18106,United Kingdom
2060,18108,United Kingdom
2061,18109,United Kingdom
2062,18113,United Kingdom
2063,18114,United Kingdom
2064,18116,United Kingdom
2065,18118,United Kingdom
2066,18119,United Kingdom
2067,18125,United Kingdom
2068,18136,United Kingdom
2069,18138,United Kingdom
2070,18144,United Kingdom
2071,18145,United Kingdom
2072,18149,United Kingdom
2073,18151,United Kingdom
2074,18155,United Kingdom
2075,18156,United Kingdom
2076,18159,United Kingdom
2077,18161,United Kingdom
2078,18168,United Kingdom
2079,18171,United Kingdom
2080,18172,United Kingdom
2081,18173,United Kingdom
2082,18176,United Kingdom
2083,18177,United Kingdom
2084,18178,United Kingdom
2085,18179,United Kingdom
2086,18183,United Kingdom
2087,18188,United Kingdom
2088,18189,United Kingdom
2089,18190,United Kingdom
2090,18191,United Kingdom
2091,18196,United Kingdom
2092,18198,United Kingdom
2093,18202,United Kingdom
2094,18210,United Kingdom
2095,18211,United Kingdom
2096,18212,United Kingdom
2097,18218,United Kingdom
2098,18219,United Kingdom
2099,18223,United Kingdom
2100,18224,United Kingdom
2101,18225,United Kingdom
2102,18226,United Kingdom
2103,18229,United Kingdom
2104,18230,United Kingdom
2105,18231,United Kingdom
2106,18233,United Kingdom
2107,18239,United Kingdom
2108,18245,United Kingdom
2109,18250,United Kingdom
2110,18257,United Kingdom
2111,18259,United Kingdom
2112,18260,United Kingdom
2113,18269,United Kingdom
2114,18270,United Kingdom
2115,18273,United Kingdom
2116,18280,United Kingdom
2117,18283,United Kingdom
